{"cameraMode":{"drawMode":0,"name":"Shaded","section":"Shading Mode"},"sceneLighting":false,"audioPlay":false,"sceneViewState":{"showFog":true,"showMaterialUpdate":false,"showSkybox":false,"showFlares":true,"showImageEffects":true,"showParticleSystems":true},"in2DMode":false,"pivot":{"x":3.499999523162842,"y":-0.21688178181648255,"z":3.500000476837158},"rotation":{"x":-0.002255039056763053,"y":0.918373167514801,"z":-0.3956751823425293,"w":-0.005234031938016415},"size":7.078908443450928,"orthographic":false}